{
  "S0": 163.979995727539,
  "current_regime": 3,
  "transition_matrix": [
    [0.4444444444444444, 0.4444444444444444, 0.0, 0.1111111111111111],
    [
      0.015217391304347827, 0.9021739130434783, 0.004347826086956522,
      0.0782608695652174
    ],
    [0.0, 0.024691358024691357, 0.8271604938271605, 0.14814814814814814],
    [
      0.006818181818181818, 0.07954545454545454, 0.02727272727272727,
      0.8863636363636364
    ]
  ],
  "num_paths": 10000,
  "num_steps": 30,
  "dt": 0.003968253968253968,
  "regimes": [ 
    { 
      "mu": 0.0032886931380861975,
      "sigma": 0.005729453777806592,
      "nu": 5.0,
      "omega": 1e-8,
      "alpha": 0.05,
      "beta": 0.9,
      "lambda_j": 0.0,
      "mu_j": 0.0,
      "sigma_j": 0.0,
      "sigma0": 3.282664059202223e-5,
      "n_days": 18
    },
    {
      "mu": 0.0010731363789223461,
      "sigma": 0.01600398983230277,
      "nu": 3.4738486760003005,
      "omega": 2.2992603317490867,
      "alpha": 0.08710010307268161,
      "beta": 1e-8,
      "lambda_j": 0.015217391304347827,
      "mu_j": -0.045950745373998965,
      "sigma_j": 0.0489446194343725,
      "sigma0": 2.3109980456153365,
      "n_days": 460
    },
    {
      "mu": -0.0005445419688168441,
      "sigma": 0.017183871932183292,
      "nu": 4.900976212324615,
      "omega": 2.385258431375797,
      "alpha": 0.1794903796144365,
      "beta": 1e-8,
      "lambda_j": 0.0,
      "mu_j": 0.0,
      "sigma_j": 0.0,
      "sigma0": 2.7464327033211187,
      "n_days": 81
    },
    {
      "mu": -0.0001029685373825143,
      "sigma": 0.01978289538568721,
      "nu": 3.1171597278366097,
      "omega": 0.2620476995833477,
      "alpha": 0.06087304505545499,
      "beta": 0.8738737202313126,
      "lambda_j": 0.013605442176870748,
      "mu_j": 0.06203311977303714,
      "sigma_j": 0.06666708051669601,
      "sigma0": 2.5313226035152776,
      "n_days": 441
    }
  ]
}
